{ "urls": [
{ "url":"clan://localhost/天神IY测试专用/本地【摸鱼儿】/api.json", "name": "外本地【摸鱼儿】" },

{ "url":"clan://localhost/天神IY测试专用/本地【王二小】/api.json", "name": "外本地【王二小】" },

{ "url": "clan://localhost/天神IY测试专用/本地【天微】/api.json", "name": "外本地【天微】" },

{ "url":"clan://localhost/天神IY测试专用/本地【拾光】/api.json", "name": "外本地【拾光】" },

{ "url":"clan://localhost/天神IY测试专用/本地【饭太硬】/api.json", "name": "外本地【饭太硬】" },

{ "url":"clan://localhost/天神IY测试专用/本地【欧歌】/api.json", "name": "外本地【欧歌】" },

{ "url":"clan://localhost/天神IY测试专用/本地【天天开心】/api.json", "name": "外本地【天天开心】" },

{ "url":"clan://localhost/天神IY测试专用/本地【肥猫】/api.json", "name": "外本地【肥猫】" },

{ "url":"clan://localhost/天神IY测试专用/本地【喵影视】/api.json", "name": "外本地【喵影视】" },

{ "url":"clan://localhost/天神IY测试专用/本地【香雅情】/api.json", "name": "外本地【香雅情】" },

{ "url":"clan://localhost/天神IY测试专用/本地【南风】/api.json", "name": "外本地【南风】" },

{ "url":"clan://localhost/天神IY测试专用/本地【小米】/api.json", "name": "外本地【小米】" },

{ "url":"clan://localhost/天神IY测试专用/本地【DG音乐台】/api.json", "name": "外本地【DG音乐台】" },

{ "url":"clan://localhost/天神IY测试专用/本地【少儿教育】/api.json", "name": "外本地【少儿教育】" },

{ "url":"clan://localhost/天神IY测试专用/本地【戏曲音乐】/api.json", "name": "外本地【戏曲音乐】" }
]}