{
    "classes": [{
        "type_name": "电影",
        "type_id": "dy"
    }, {
        "type_name": "电视",
        "type_id": "ds"
    }, {
        "type_name": "短剧",
        "type_id": "dj"
    }, {
        "type_name": "综艺",
        "type_id": "zy"
    }, {
        "type_name": "动漫",
        "type_id": "dm"
    }, {
        "type_name": "音乐",
        "type_id": "yy"
    }],
    "filters": {
        "dy": [
          {
            "key": "root",
            "name": "来源",
            "value": [
              {
                "n": "全部",
                "v": "0"
              },
              {
                "n": "夸克",
                "v": "2"
              },
              {
                "n": "UC",
                "v": "5"
              },
              {
                "n": "阿里",
                "v": "1"
              },
              {
                "n": "百度",
                "v": "4"
              }
            ]
          }
        ],
        "ds": [
          {
            "key": "root",
            "name": "来源",
            "value": [
              {
                "n": "全部",
                "v": "0"
              },
              {
                "n": "夸克",
                "v": "2"
              },
              {
                "n": "UC",
                "v": "5"
              },
              {
                "n": "阿里",
                "v": "1"
              },
              {
                "n": "百度",
                "v": "4"
              }
            ]
          }
        ],
        "dj": [
          {
            "key": "root",
            "name": "来源",
            "value": [
              {
                "n": "全部",
                "v": "0"
              },
              {
                "n": "夸克",
                "v": "2"
              },
              {
                "n": "UC",
                "v": "5"
              },
              {
                "n": "阿里",
                "v": "1"
              },
              {
                "n": "百度",
                "v": "4"
              }
            ]
          }
        ],
        "zy": [
          {
            "key": "root",
            "name": "来源",
            "value": [
              {
                "n": "全部",
                "v": "0"
              },
              {
                "n": "夸克",
                "v": "2"
              },
              {
                "n": "UC",
                "v": "5"
              },
              {
                "n": "阿里",
                "v": "1"
              },
              {
                "n": "百度",
                "v": "4"
              }
            ]
          }
        ],
        "dm": [
          {
            "key": "root",
            "name": "来源",
            "value": [
              {
                "n": "全部",
                "v": "0"
              },
              {
                "n": "夸克",
                "v": "2"
              },
              {
                "n": "UC",
                "v": "5"
              },
              {
                "n": "阿里",
                "v": "1"
              },
              {
                "n": "百度",
                "v": "4"
              }
            ]
          }
        ],
        "yy": [
          {
            "key": "root",
            "name": "来源",
            "value": [
              {
                "n": "全部",
                "v": "0"
              },
              {
                "n": "夸克",
                "v": "2"
              },
              {
                "n": "UC",
                "v": "5"
              },
              {
                "n": "阿里",
                "v": "1"
              },
              {
                "n": "百度",
                "v": "4"
              }
            ]
          }
        ]
    },
    "siteUrl":"https://ysapi.yingso.fun/v7/ali/all"
}