{"SiteUrl":"http://www.wogg.lol","Domains":["http://www.wogg.lol", "https://woggpan.333232.xyz", "https://woggpan.888484.xyz", "https://www.wogg.one", "https://wogg.xxooo.cf"],"SiteWord":"wogg","SiteName":"玩偶","Classes":[{"type_name":"电影","type_id":"1"},{"type_name":"剧集","type_id":"2"},{"type_name":"臻彩视界","type_id":"44"},{"type_name":"综艺","type_id":"4"},{"type_name":"动漫","type_id":"3"},{"type_name":"音乐","type_id":"5"},{"type_name":"短剧","type_id":"6"}],"Filters":{"1":[{"name":"剧情","value":[{"v":"喜剧","n":"喜剧"},{"v":"爱情","n":"爱情"},{"v":"恐怖","n":"恐怖"},{"v":"动作","n":"动作"},{"v":"科幻","n":"科幻"},{"v":"剧情","n":"剧情"},{"v":"战争","n":"战争"},{"v":"警匪","n":"警匪"},{"v":"犯罪","n":"犯罪"},{"v":"古装","n":"古装"},{"v":"奇幻","n":"奇幻"},{"v":"武侠","n":"武侠"},{"v":"冒险","n":"冒险"},{"v":"枪战","n":"枪战"},{"v":"恐怖","n":"恐怖"},{"v":"悬疑","n":"悬疑"},{"v":"惊悚","n":"惊悚"},{"v":"经典","n":"经典"},{"v":"青春","n":"青春"},{"v":"文艺","n":"文艺"},{"v":"微电影","n":"微电影"},{"v":"历史","n":"历史"}],"key":"class"},{"name":"地区","value":[{"v":"大陆","n":"大陆"},{"v":"香港","n":"香港"},{"v":"台湾","n":"台湾"},{"v":"美国","n":"美国"},{"v":"法国","n":"法国"},{"v":"英国","n":"英国"},{"v":"日本","n":"日本"},{"v":"韩国","n":"韩国"},{"v":"德国","n":"德国"},{"v":"泰国","n":"泰国"},{"v":"印度","n":"印度"},{"v":"意大利","n":"意大利"},{"v":"西班牙","n":"西班牙"},{"v":"加拿大","n":"加拿大"},{"v":"其他","n":"其他"}],"key":"area"},{"name":"语言","value":[{"v":"国语","n":"国语"},{"v":"英语","n":"英语"},{"v":"粤语","n":"粤语"},{"v":"闽南语","n":"闽南语"},{"v":"韩语","n":"韩语"},{"v":"日语","n":"日语"},{"v":"法语","n":"法语"},{"v":"德语","n":"德语"},{"v":"其它","n":"其它"}],"key":"lang"},{"name":"时间","value":[{"v":"2024","n":"2024"},{"v":"2023","n":"2023"},{"v":"2022","n":"2022"},{"v":"2021","n":"2021"},{"v":"2020","n":"2020"},{"v":"2019","n":"2019"},{"v":"2018","n":"2018"},{"v":"2017","n":"2017"},{"v":"2016","n":"2016"},{"v":"2015","n":"2015"},{"v":"2014","n":"2014"},{"v":"2013","n":"2013"},{"v":"2012","n":"2012"},{"v":"2011","n":"2011"},{"v":"2010","n":"2010"}],"key":"year"},{"name":"字母查找","value":[{"v":"A","n":"A"},{"v":"B","n":"B"},{"v":"C","n":"C"},{"v":"D","n":"D"},{"v":"E","n":"E"},{"v":"F","n":"F"},{"v":"G","n":"G"},{"v":"H","n":"H"},{"v":"I","n":"I"},{"v":"J","n":"J"},{"v":"K","n":"K"},{"v":"L","n":"L"},{"v":"M","n":"M"},{"v":"N","n":"N"},{"v":"O","n":"O"},{"v":"P","n":"P"},{"v":"Q","n":"Q"},{"v":"R","n":"R"},{"v":"S","n":"S"},{"v":"T","n":"T"},{"v":"U","n":"U"},{"v":"V","n":"V"},{"v":"W","n":"W"},{"v":"X","n":"X"},{"v":"Y","n":"Y"},{"v":"Z","n":"Z"},{"v":"0-9","n":"0-9"}],"key":"character"},{"name":"评分排序","value":[{"v":"time","n":"时间排序"},{"v":"hits","n":"人气排序"},{"v":"score","n":"评分排序"}],"key":"order"}],"2":[{"name":"剧情","value":[{"v":"喜剧","n":"喜剧"},{"v":"爱情","n":"爱情"},{"v":"恐怖","n":"恐怖"},{"v":"动作","n":"动作"},{"v":"科幻","n":"科幻"},{"v":"剧情","n":"剧情"},{"v":"战争","n":"战争"},{"v":"警匪","n":"警匪"},{"v":"犯罪","n":"犯罪"},{"v":"古装","n":"古装"},{"v":"奇幻","n":"奇幻"},{"v":"武侠","n":"武侠"},{"v":"冒险","n":"冒险"},{"v":"枪战","n":"枪战"},{"v":"恐怖","n":"恐怖"},{"v":"悬疑","n":"悬疑"},{"v":"惊悚","n":"惊悚"},{"v":"经典","n":"经典"},{"v":"青春","n":"青春"},{"v":"文艺","n":"文艺"},{"v":"微电影","n":"微电影"},{"v":"历史","n":"历史"}],"key":"class"},{"name":"地区","value":[{"v":"大陆","n":"大陆"},{"v":"香港","n":"香港"},{"v":"台湾","n":"台湾"},{"v":"美国","n":"美国"},{"v":"法国","n":"法国"},{"v":"英国","n":"英国"},{"v":"日本","n":"日本"},{"v":"韩国","n":"韩国"},{"v":"德国","n":"德国"},{"v":"泰国","n":"泰国"},{"v":"印度","n":"印度"},{"v":"意大利","n":"意大利"},{"v":"西班牙","n":"西班牙"},{"v":"加拿大","n":"加拿大"},{"v":"其他","n":"其他"}],"key":"area"},{"name":"语言","value":[{"v":"国语","n":"国语"},{"v":"英语","n":"英语"},{"v":"粤语","n":"粤语"},{"v":"闽南语","n":"闽南语"},{"v":"韩语","n":"韩语"},{"v":"日语","n":"日语"},{"v":"法语","n":"法语"},{"v":"德语","n":"德语"},{"v":"其它","n":"其它"}],"key":"lang"},{"name":"时间","value":[{"v":"2024","n":"2024"},{"v":"2023","n":"2023"},{"v":"2022","n":"2022"},{"v":"2021","n":"2021"},{"v":"2020","n":"2020"},{"v":"2019","n":"2019"},{"v":"2018","n":"2018"},{"v":"2017","n":"2017"},{"v":"2016","n":"2016"},{"v":"2015","n":"2015"},{"v":"2014","n":"2014"},{"v":"2013","n":"2013"},{"v":"2012","n":"2012"},{"v":"2011","n":"2011"},{"v":"2010","n":"2010"}],"key":"year"},{"name":"字母查找","value":[{"v":"A","n":"A"},{"v":"B","n":"B"},{"v":"C","n":"C"},{"v":"D","n":"D"},{"v":"E","n":"E"},{"v":"F","n":"F"},{"v":"G","n":"G"},{"v":"H","n":"H"},{"v":"I","n":"I"},{"v":"J","n":"J"},{"v":"K","n":"K"},{"v":"L","n":"L"},{"v":"M","n":"M"},{"v":"N","n":"N"},{"v":"O","n":"O"},{"v":"P","n":"P"},{"v":"Q","n":"Q"},{"v":"R","n":"R"},{"v":"S","n":"S"},{"v":"T","n":"T"},{"v":"U","n":"U"},{"v":"V","n":"V"},{"v":"W","n":"W"},{"v":"X","n":"X"},{"v":"Y","n":"Y"},{"v":"Z","n":"Z"},{"v":"0-9","n":"0-9"}],"key":"character"},{"name":"评分排序","value":[{"v":"time","n":"时间排序"},{"v":"hits","n":"人气排序"},{"v":"score","n":"评分排序"}],"key":"order"}],"3":[{"name":"剧情","value":[{"v":"情感","n":"情感"},{"v":"科幻","n":"科幻"},{"v":"热血","n":"热血"},{"v":"推理","n":"推理"},{"v":"搞笑","n":"搞笑"},{"v":"冒险","n":"冒险"},{"v":"萝莉","n":"萝莉"},{"v":"校园","n":"校园"},{"v":"动作","n":"动作"},{"v":"机战","n":"机战"},{"v":"运动","n":"运动"},{"v":"战争","n":"战争"},{"v":"少年","n":"少年"},{"v":"少女","n":"少女"},{"v":"社会","n":"社会"},{"v":"原创","n":"原创"},{"v":"亲子","n":"亲子"},{"v":"益智","n":"益智"},{"v":"励志","n":"励志"},{"v":"其他","n":"其他"}],"key":"class"},{"name":"地区","value":[{"v":"大陆","n":"大陆"},{"v":"香港","n":"香港"},{"v":"台湾","n":"台湾"},{"v":"美国","n":"美国"},{"v":"法国","n":"法国"},{"v":"英国","n":"英国"},{"v":"日本","n":"日本"},{"v":"韩国","n":"韩国"},{"v":"德国","n":"德国"},{"v":"泰国","n":"泰国"},{"v":"印度","n":"印度"},{"v":"意大利","n":"意大利"},{"v":"西班牙","n":"西班牙"},{"v":"加拿大","n":"加拿大"},{"v":"其他","n":"其他"}],"key":"area"},{"name":"语言","value":[{"v":"国语","n":"国语"},{"v":"英语","n":"英语"},{"v":"粤语","n":"粤语"},{"v":"闽南语","n":"闽南语"},{"v":"韩语","n":"韩语"},{"v":"日语","n":"日语"},{"v":"法语","n":"法语"},{"v":"德语","n":"德语"},{"v":"其它","n":"其它"}],"key":"lang"},{"name":"时间","value":[{"v":"2024","n":"2024"},{"v":"2023","n":"2023"},{"v":"2022","n":"2022"},{"v":"2021","n":"2021"},{"v":"2020","n":"2020"},{"v":"2019","n":"2019"},{"v":"2018","n":"2018"},{"v":"2017","n":"2017"},{"v":"2016","n":"2016"},{"v":"2015","n":"2015"},{"v":"2014","n":"2014"},{"v":"2013","n":"2013"},{"v":"2012","n":"2012"},{"v":"2011","n":"2011"},{"v":"2010","n":"2010"}],"key":"year"},{"name":"字母查找","value":[{"v":"A","n":"A"},{"v":"B","n":"B"},{"v":"C","n":"C"},{"v":"D","n":"D"},{"v":"E","n":"E"},{"v":"F","n":"F"},{"v":"G","n":"G"},{"v":"H","n":"H"},{"v":"I","n":"I"},{"v":"J","n":"J"},{"v":"K","n":"K"},{"v":"L","n":"L"},{"v":"M","n":"M"},{"v":"N","n":"N"},{"v":"O","n":"O"},{"v":"P","n":"P"},{"v":"Q","n":"Q"},{"v":"R","n":"R"},{"v":"S","n":"S"},{"v":"T","n":"T"},{"v":"U","n":"U"},{"v":"V","n":"V"},{"v":"W","n":"W"},{"v":"X","n":"X"},{"v":"Y","n":"Y"},{"v":"Z","n":"Z"},{"v":"0-9","n":"0-9"}],"key":"character"},{"name":"评分排序","value":[{"v":"time","n":"时间排序"},{"v":"hits","n":"人气排序"},{"v":"score","n":"评分排序"}],"key":"order"}],"4":[{"name":"地区","value":[{"v":"大陆","n":"大陆"},{"v":"香港","n":"香港"},{"v":"台湾","n":"台湾"},{"v":"美国","n":"美国"},{"v":"法国","n":"法国"},{"v":"英国","n":"英国"},{"v":"日本","n":"日本"},{"v":"韩国","n":"韩国"}],"key":"area"},{"name":"时间","value":[{"v":"2024","n":"2024"},{"v":"2023","n":"2023"},{"v":"2022","n":"2022"},{"v":"2021","n":"2021"},{"v":"2020","n":"2020"},{"v":"2019","n":"2019"},{"v":"2018","n":"2018"},{"v":"2017","n":"2017"},{"v":"2016","n":"2016"},{"v":"2015","n":"2015"},{"v":"2014","n":"2014"},{"v":"2013","n":"2013"},{"v":"2012","n":"2012"},{"v":"2011","n":"2011"},{"v":"2010","n":"2010"}],"key":"year"},{"name":"字母查找","value":[{"v":"A","n":"A"},{"v":"B","n":"B"},{"v":"C","n":"C"},{"v":"D","n":"D"},{"v":"E","n":"E"},{"v":"F","n":"F"},{"v":"G","n":"G"},{"v":"H","n":"H"},{"v":"I","n":"I"},{"v":"J","n":"J"},{"v":"K","n":"K"},{"v":"L","n":"L"},{"v":"M","n":"M"},{"v":"N","n":"N"},{"v":"O","n":"O"},{"v":"P","n":"P"},{"v":"Q","n":"Q"},{"v":"R","n":"R"},{"v":"S","n":"S"},{"v":"T","n":"T"},{"v":"U","n":"U"},{"v":"V","n":"V"},{"v":"W","n":"W"},{"v":"X","n":"X"},{"v":"Y","n":"Y"},{"v":"Z","n":"Z"},{"v":"0-9","n":"0-9"}],"key":"character"},{"name":"评分排序","value":[{"v":"time","n":"时间排序"},{"v":"hits","n":"人气排序"},{"v":"score","n":"评分排序"}],"key":"order"}],"5":[{"name":"字母查找","value":[{"v":"A","n":"A"},{"v":"B","n":"B"},{"v":"C","n":"C"},{"v":"D","n":"D"},{"v":"E","n":"E"},{"v":"F","n":"F"},{"v":"G","n":"G"},{"v":"H","n":"H"},{"v":"I","n":"I"},{"v":"J","n":"J"},{"v":"K","n":"K"},{"v":"L","n":"L"},{"v":"M","n":"M"},{"v":"N","n":"N"},{"v":"O","n":"O"},{"v":"P","n":"P"},{"v":"Q","n":"Q"},{"v":"R","n":"R"},{"v":"S","n":"S"},{"v":"T","n":"T"},{"v":"U","n":"U"},{"v":"V","n":"V"},{"v":"W","n":"W"},{"v":"X","n":"X"},{"v":"Y","n":"Y"},{"v":"Z","n":"Z"},{"v":"0-9","n":"0-9"}],"key":"character"},{"name":"评分排序","value":[{"v":"time","n":"时间排序"},{"v":"hits","n":"人气排序"},{"v":"score","n":"评分排序"}],"key":"order"}],"6":[{"name":"剧情","value":[{"v":"古装","n":"古装"},{"v":"战争","n":"战争"},{"v":"青春偶像","n":"青春偶像"},{"v":"喜剧","n":"喜剧"},{"v":"家庭","n":"家庭"},{"v":"犯罪","n":"犯罪"},{"v":"动作","n":"动作"},{"v":"奇幻","n":"奇幻"},{"v":"剧情","n":"剧情"},{"v":"历史","n":"历史"},{"v":"经典","n":"经典"},{"v":"乡村","n":"乡村"},{"v":"情景","n":"情景"},{"v":"商战","n":"商战"},{"v":"网剧","n":"网剧"},{"v":"其他","n":"其他"}],"key":"class"},{"name":"时间","value":[{"v":"2024","n":"2024"},{"v":"2023","n":"2023"},{"v":"2022","n":"2022"},{"v":"2021","n":"2021"},{"v":"2020","n":"2020"},{"v":"2019","n":"2019"},{"v":"2018","n":"2018"},{"v":"2017","n":"2017"},{"v":"2016","n":"2016"},{"v":"2015","n":"2015"},{"v":"2014","n":"2014"},{"v":"2013","n":"2013"},{"v":"2012","n":"2012"},{"v":"2011","n":"2011"},{"v":"2010","n":"2010"}],"key":"year"},{"name":"字母查找","value":[{"v":"A","n":"A"},{"v":"B","n":"B"},{"v":"C","n":"C"},{"v":"D","n":"D"},{"v":"E","n":"E"},{"v":"F","n":"F"},{"v":"G","n":"G"},{"v":"H","n":"H"},{"v":"I","n":"I"},{"v":"J","n":"J"},{"v":"K","n":"K"},{"v":"L","n":"L"},{"v":"M","n":"M"},{"v":"N","n":"N"},{"v":"O","n":"O"},{"v":"P","n":"P"},{"v":"Q","n":"Q"},{"v":"R","n":"R"},{"v":"S","n":"S"},{"v":"T","n":"T"},{"v":"U","n":"U"},{"v":"V","n":"V"},{"v":"W","n":"W"},{"v":"X","n":"X"},{"v":"Y","n":"Y"},{"v":"Z","n":"Z"},{"v":"0-9","n":"0-9"}],"key":"character"},{"name":"评分排序","value":[{"v":"time","n":"时间排序"},{"v":"hits","n":"人气排序"},{"v":"score","n":"评分排序"}],"key":"order"}],"44":[{"name":"剧情","value":[{"v":"爱情","n":"爱情"},{"v":"恐怖","n":"恐怖"},{"v":"动作","n":"动作"},{"v":"科幻","n":"科幻"},{"v":"剧情","n":"剧情"},{"v":"战争","n":"战争"},{"v":"警匪","n":"警匪"},{"v":"犯罪","n":"犯罪"},{"v":"古装","n":"古装"},{"v":"奇幻","n":"奇幻"},{"v":"武侠","n":"武侠"},{"v":"冒险","n":"冒险"},{"v":"枪战","n":"枪战"},{"v":"恐怖","n":"恐怖"},{"v":"悬疑","n":"悬疑"},{"v":"惊悚","n":"惊悚"},{"v":"经典","n":"经典"},{"v":"青春","n":"青春"},{"v":"文艺","n":"文艺"},{"v":"微电影","n":"微电影"},{"v":"历史","n":"历史"}],"key":"class"},{"name":"地区","value":[{"v":"中国大陆","n":"中国大陆"},{"v":"中国香港","n":"中国香港"},{"v":"中国台湾","n":"中国台湾"},{"v":"美国","n":"美国"},{"v":"西班牙","n":"西班牙"},{"v":"法国","n":"法国"},{"v":"英国","n":"英国"},{"v":"日本","n":"日本"},{"v":"韩国","n":"韩国"},{"v":"泰国","n":"泰国"},{"v":"德国","n":"德国"},{"v":"印度","n":"印度"},{"v":"意大利","n":"意大利"},{"v":"加拿大","n":"加拿大"},{"v":"其他","n":"其他"}],"key":"area"},{"name":"时间","value":[{"v":"2024","n":"2024"},{"v":"2023","n":"2023"},{"v":"2022","n":"2022"},{"v":"2021","n":"2021"},{"v":"2020","n":"2020"},{"v":"2019","n":"2019"},{"v":"2018","n":"2018"},{"v":"2017","n":"2017"},{"v":"2016","n":"2016"},{"v":"2015","n":"2015"},{"v":"2014","n":"2014"},{"v":"2013","n":"2013"},{"v":"2012","n":"2012"},{"v":"2011","n":"2011"},{"v":"2010","n":"2010"}],"key":"year"},{"name":"字母查找","value":[{"v":"A","n":"A"},{"v":"B","n":"B"},{"v":"C","n":"C"},{"v":"D","n":"D"},{"v":"E","n":"E"},{"v":"F","n":"F"},{"v":"G","n":"G"},{"v":"H","n":"H"},{"v":"I","n":"I"},{"v":"J","n":"J"},{"v":"K","n":"K"},{"v":"L","n":"L"},{"v":"M","n":"M"},{"v":"N","n":"N"},{"v":"O","n":"O"},{"v":"P","n":"P"},{"v":"Q","n":"Q"},{"v":"R","n":"R"},{"v":"S","n":"S"},{"v":"T","n":"T"},{"v":"U","n":"U"},{"v":"V","n":"V"},{"v":"W","n":"W"},{"v":"X","n":"X"},{"v":"Y","n":"Y"},{"v":"Z","n":"Z"},{"v":"0-9","n":"0-9"}],"key":"character"},{"name":"评分排序","value":[{"n":"时间排序"},{"n":"人气排序"},{"n":"评分排序"}],"key":"order"}]}}